{
  "$schema": "http://json-schema.org/draft-07/schema#",
  "title": "AIGYM Handshake Spec v0.1",
  "type": "object",
  "properties": {
    "exchange_manifest": {
      "type": "object",
      "required": [
        "version",
        "intent",
        "base_model",
        "payloads",
        "attestation"
      ],
      "properties": {
        "version": {
          "type": "string",
          "const": "0.1"
        },
        "intent": {
          "type": "string",
          "enum": [
            "propose",
            "request",
            "verify-only"
          ]
        },
        "sender": {
          "type": "object",
          "properties": {
            "agent_id": {
              "type": "string"
            },
            "contact": {
              "type": "string"
            }
          },
          "required": []
        },
        "base_model": {
          "type": "object",
          "required": [
            "arch_id",
            "shapes_hash",
            "tokenizer_id",
            "tokenizer_hash",
            "dtype_runtime"
          ],
          "properties": {
            "arch_id": {
              "type": "string"
            },
            "shapes_hash": {
              "type": "string",
              "pattern": "^sha256:[0-9a-fA-F]{6,}$"
            },
            "tokenizer_id": {
              "type": "string"
            },
            "tokenizer_hash": {
              "type": "string",
              "pattern": "^sha256:[0-9a-fA-F]{6,}$"
            },
            "dtype_runtime": {
              "type": "string",
              "enum": [
                "fp32",
                "bf16",
                "fp16",
                "int8"
              ]
            }
          }
        },
        "payloads": {
          "type": "array",
          "minItems": 1,
          "items": {
            "type": "object",
            "required": [
              "type",
              "id",
              "target_layers",
              "dtype",
              "blob",
              "license_id",
              "safety_class"
            ],
            "properties": {
              "type": {
                "type": "string",
                "enum": [
                  "lora",
                  "ia3",
                  "full-diff"
                ]
              },
              "id": {
                "type": "string"
              },
              "target_layers": {
                "type": "array",
                "items": {
                  "type": "string"
                }
              },
              "lora_rank": {
                "type": "integer",
                "minimum": 1
              },
              "dtype": {
                "type": "string",
                "enum": [
                  "fp32",
                  "bf16",
                  "fp16",
                  "int8"
                ]
              },
              "blob": {
                "type": "object",
                "required": [
                  "uri",
                  "sha256"
                ],
                "properties": {
                  "uri": {
                    "type": "string"
                  },
                  "sha256": {
                    "type": "string",
                    "pattern": "^sha256:[0-9a-fA-F]{6,}$"
                  },
                  "size_bytes": {
                    "type": "integer",
                    "minimum": 0
                  }
                }
              },
              "license_id": {
                "type": "string"
              },
              "safety_class": {
                "type": "string",
                "enum": [
                  "open",
                  "restricted",
                  "private"
                ]
              },
              "signature": {
                "type": "string"
              }
            }
          }
        },
        "constraints": {
          "type": "object",
          "properties": {
            "param_count_delta": {
              "type": "integer"
            },
            "quant_compat": {
              "type": "array",
              "items": {
                "type": "string"
              }
            },
            "eval_contract": {
              "type": "array",
              "items": {
                "type": "object",
                "required": [
                  "name",
                  "dataset",
                  "threshold"
                ],
                "properties": {
                  "name": {
                    "type": "string"
                  },
                  "dataset": {
                    "type": "string"
                  },
                  "threshold": {
                    "type": "string"
                  }
                }
              }
            }
          }
        },
        "rollback_point": {
          "type": "object",
          "properties": {
            "manifest_hash": {
              "type": "string",
              "pattern": "^sha256:[0-9a-fA-F]{6,}$"
            }
          }
        },
        "attestation": {
          "type": "object",
          "required": [
            "signed_by",
            "timestamp_utc"
          ],
          "properties": {
            "signed_by": {
              "type": "string"
            },
            "timestamp_utc": {
              "type": "string",
              "pattern": "^\\d{4}-\\d{2}-\\d{2}T\\d{2}:\\d{2}:\\d{2}Z$"
            }
          }
        }
      }
    }
  },
  "required": [
    "exchange_manifest"
  ]
}